,0,1,2,Latitude,Longitude
0,19981,0,2019-06-13 12:16:42.516090,52.510330915,13.37009199
1,13146,0,2019-06-13 12:16:42.516090,52.5168572025,13.385787095
2,15297,0,2019-06-13 12:16:42.516090,52.501848165,13.2741147
3,13762,0,2019-06-13 12:16:42.516090,52.4906201075,13.4478865825
4,15334,0,2019-06-13 12:16:42.516090,52.480938365,13.371543155
5,13118,0,2019-06-13 12:16:42.516090,52.50969478,13.37932001
6,14690,0,2019-06-13 12:16:42.516090,52.5284267,13.3720175
7,14470,0,2019-06-13 12:16:42.516090,52.5061818,13.3223122
8,14289,0,2019-06-13 12:16:42.516090,52.4819437,13.3295706
9,15862,0,2019-06-13 12:16:42.516090,52.5093338,13.4842684
10,14250,0,2019-06-13 12:16:42.516090,52.5302978,13.4018318
11,14229,0,2019-06-13 12:16:42.516090,52.4689927,13.3702136
12,16360,0,2019-06-13 12:16:42.516090,52.4887906,13.2846255
13,15312,0,2019-06-13 12:16:42.516090,52.4969137,13.2901032
14,15906,0,2019-06-13 12:16:42.516090,52.4689591,13.4666186
15,14340,0,2019-06-13 12:16:42.516090,52.503439,13.4573859
16,16302,0,2019-06-13 12:16:42.516090,52.5028969,13.2993859
17,14490,0,2019-06-13 12:16:42.516090,52.4641057,13.4750597
18,14459,0,2019-06-13 12:16:42.516090,52.4642435,13.4752035
19,16280,0,2019-06-13 12:16:42.516090,52.5632312,13.3542186
20,13362,0,2019-06-13 12:16:42.516090,52.4948587,13.3129268
21,14807,0,2019-06-13 12:16:42.516090,52.5195321,13.4370148
22,13855,0,2019-06-13 12:16:42.516090,52.5410359,13.3767996
23,13025,0,2019-06-13 12:16:42.516090,52.5065277,13.2829297
24,13365,0,2019-06-13 12:16:42.516090,52.4707246,13.4653188
25,14255,0,2019-06-13 12:16:42.516090,52.4848026,13.4497955
26,14905,0,2019-06-13 12:16:42.516090,52.5539754,13.4656897
27,13848,0,2019-06-13 12:16:42.516090,52.542346,13.3776088
28,16121,0,2019-06-13 12:16:42.516090,52.5052005,13.4449434
29,14689,0,2019-06-13 12:16:42.516090,52.4999415,13.3231421
30,14347,0,2019-06-13 12:16:42.516090,52.5536175,13.3599348
31,16199,0,2019-06-13 12:16:42.516090,52.5222769,13.3930493
32,14210,0,2019-06-13 12:16:42.516090,52.4711382,13.4187942
33,13770,0,2019-06-13 12:16:42.516090,52.5186121,13.3962412
34,13272,0,2019-06-13 12:16:42.516090,52.4984136,13.4059681
35,16054,0,2019-06-13 12:16:42.516090,52.5024104,13.4619191
36,14768,0,2019-06-13 12:16:42.516090,52.4813045,13.3183342
37,13353,0,2019-06-13 12:16:42.516090,52.5127198,13.4043482
38,13947,0,2019-06-13 12:16:42.516090,52.5151934,13.5042217
39,13132,0,2019-06-13 12:16:42.516090,52.4806242,13.3543911
40,13291,0,2019-06-13 12:16:42.516090,52.4947376,13.3961595
41,15860,0,2019-06-13 12:16:42.516090,52.5289727,13.4325603
42,14419,0,2019-06-13 12:16:42.516090,52.5279431,13.4130861
43,13674,0,2019-06-13 12:16:42.516090,52.45293245,13.40137963
44,14810,0,2019-06-13 12:16:42.516090,52.5411128,13.3753934
45,13007,0,2019-06-13 12:16:42.516090,52.5109523,13.4935305
46,14266,0,2019-06-13 12:16:42.516090,52.4273949,13.4175884
47,16344,0,2019-06-13 12:16:42.516090,52.5162621,13.4481666
48,13515,0,2019-06-13 12:16:42.516090,52.5262742,13.3860868
49,14906,0,2019-06-13 12:16:42.516090,52.5175974,13.3238392
50,13834,0,2019-06-13 12:16:42.516090,52.5020415,13.2675517
51,14884,0,2019-06-13 12:16:42.516090,52.4875692,13.3097526
52,13252,0,2019-06-13 12:16:42.516090,52.463254,13.2943419
53,14244,0,2019-06-13 12:16:42.516090,52.5032049,13.4087322
54,13143,0,2019-06-13 12:16:42.516090,52.5498212,13.4138008
55,16357,0,2019-06-13 12:16:42.516090,52.5123663,13.3289318
56,13577,0,2019-06-13 12:16:42.516090,52.4814995,13.3202698
57,13457,0,2019-06-13 12:16:42.516090,52.482834,13.4489012
58,15136,0,2019-06-13 12:16:42.516090,52.5009881,13.4772068
59,13210,0,2019-06-13 12:16:42.516090,52.5467749,13.4211314
60,13736,0,2019-06-13 12:16:42.516090,52.5208029,13.315863
61,15392,0,2019-06-13 12:16:42.516090,52.4838698,13.3295395
62,15225,0,2019-06-13 12:16:42.516090,52.4977079,13.3959215
63,16216,0,2019-06-13 12:16:42.516090,52.539013,13.3809761
64,13347,0,2019-06-13 12:16:42.516090,52.510321,13.5046521
65,16006,0,2019-06-13 12:16:42.516090,52.505282,13.2972033
66,13078,0,2019-06-13 12:16:42.516090,52.4953888,13.3814386
67,14817,0,2019-06-13 12:16:42.516090,52.521078,13.4860832
68,13006,0,2019-06-13 12:16:42.516090,52.5194657,13.3188201
69,14388,0,2019-06-13 12:16:42.516090,52.5030231,13.4825956
70,16140,0,2019-06-13 12:16:42.516090,52.5093725,13.4521642
71,14926,0,2019-06-13 12:16:42.516090,52.4779749,13.4381534
72,13513,0,2019-06-13 12:16:42.516090,52.5162785,13.3334919
73,14893,0,2019-06-13 12:16:42.516090,52.496948,13.2976227
74,15221,0,2019-06-13 12:16:42.516090,52.5208235,13.3157093
75,16061,0,2019-06-13 12:16:42.516090,52.4880729,13.3003376
76,13679,0,2019-06-13 12:16:42.516090,52.4610634,13.3247039
77,15351,0,2019-06-13 12:16:42.516090,52.5463665,13.3808507
78,13673,0,2019-06-13 12:16:42.516090,52.4948063,13.3676249
79,13424,0,2019-06-13 12:16:42.516090,52.6129643,13.3147859
80,13773,0,2019-06-13 12:16:42.516090,52.5209807,13.3909624
81,13792,0,2019-06-13 12:16:42.516090,52.5073518,13.3756315
82,13572,0,2019-06-13 12:16:42.516090,52.5299879,13.4362612
83,16345,0,2019-06-13 12:16:42.516090,52.5540497,13.4644795
84,15265,0,2019-06-13 12:16:42.516090,52.5079162,13.413174
85,14009,0,2019-06-13 12:16:42.516090,52.5257656,13.3202356
86,13712,0,2019-06-13 12:16:42.516090,52.4977987,13.3959764
87,15048,0,2019-06-13 12:16:42.516090,52.478165,13.3294255
88,13695,0,2019-06-13 12:16:42.516090,52.4963469,13.2881262
89,14105,0,2019-06-13 12:16:42.516090,52.4813878,13.5218281
90,16236,0,2019-06-13 12:16:42.516090,52.4987805,13.4119314
91,16003,0,2019-06-13 12:16:42.516090,52.4906985,13.3053348
92,14452,0,2019-06-13 12:16:42.516090,52.5146177,13.419755
93,14650,0,2019-06-13 12:16:42.516090,52.5175441,13.4371267
94,14917,0,2019-06-13 12:16:42.516090,52.4958678,13.3210328
95,14834,0,2019-06-13 12:16:42.516090,52.4837061,13.3420006
96,13207,0,2019-06-13 12:16:42.516090,52.4990987,13.3626122
97,16098,0,2019-06-13 12:16:42.516090,52.5582081,13.3924307
98,14307,0,2019-06-13 12:16:42.516090,52.4927642,13.365177
99,14271,0,2019-06-13 12:16:42.516090,52.4919243,13.4778899
100,14540,0,2019-06-13 12:16:42.516090,52.5705047,13.4076717
101,14542,0,2019-06-13 12:16:42.516090,52.5724522,13.4111187
102,14760,0,2019-06-13 12:16:42.516090,52.5724355,13.4111221
103,13333,0,2019-06-13 12:16:42.516090,52.4813921,13.3747079
104,13412,0,2019-06-13 12:16:42.516090,52.4964558,13.4227763
105,13874,0,2019-06-13 12:16:42.516090,52.5069215,13.5048667
106,13918,0,2019-06-13 12:16:42.516090,52.5509639,13.3737721
107,14162,0,2019-06-13 12:16:42.516090,52.5197309,13.4017514
108,13187,0,2019-06-13 12:16:42.516090,52.5116575,13.4961245
109,13285,0,2019-06-13 12:16:42.516090,52.5193866,13.4018318
110,13958,0,2019-06-13 12:16:42.516090,52.465709,13.3701809
111,14436,0,2019-06-13 12:16:42.516090,52.4875902,13.301033
112,16197,0,2019-06-13 12:16:42.516090,52.48523,13.3160552
113,14956,0,2019-06-13 12:16:42.516090,52.5180535,13.3598157
114,16081,0,2019-06-13 12:16:42.516090,52.5675961,13.5038421
115,14123,0,2019-06-13 12:16:42.516090,52.4903464,13.4074091
116,14945,0,2019-06-13 12:16:42.516090,52.5198716,13.280053
117,14759,0,2019-06-13 12:16:42.516090,52.5198217,13.5260389
118,14294,0,2019-06-13 12:16:42.516090,52.4728042,13.4549659
119,15019,0,2019-06-13 12:16:42.516090,52.4865135,13.3210743
120,14346,0,2019-06-13 12:16:42.516090,52.4928966,13.3654574
121,16044,0,2019-06-13 12:16:42.516090,52.4455193,13.4496068
122,16159,0,2019-06-13 12:16:42.516090,52.5064691,13.2801349
123,16366,0,2019-06-13 12:16:42.516090,52.4945349,13.3140111
124,13241,0,2019-06-13 12:16:42.516090,52.4980959,13.4349966
125,14513,0,2019-06-13 12:16:42.516090,52.5097716,13.5088836
126,15226,0,2019-06-13 12:16:42.516090,52.4724143,13.3309457
127,15872,0,2019-06-13 12:16:42.516090,52.4724115,13.3308063
128,16153,0,2019-06-13 12:16:42.516090,52.4978514,13.2924951
129,15218,0,2019-06-13 12:16:42.516090,52.4645725,13.4194994
130,13453,0,2019-06-13 12:16:42.516090,52.4927779,13.4354193
131,13246,0,2019-06-13 12:16:42.516090,52.4926976,13.435384
132,15053,0,2019-06-13 12:16:42.516090,52.5134915,13.5204753
133,16251,0,2019-06-13 12:16:42.516090,52.4736069,13.4579299
134,14189,0,2019-06-13 12:16:42.516090,52.5468702,13.2110846
135,14808,0,2019-06-13 12:16:42.516090,52.5468156,13.211073
136,16176,0,2019-06-13 12:16:42.516090,52.4881002,13.301286
137,14897,0,2019-06-13 12:16:42.516090,52.4880295,13.4137349
138,13180,0,2019-06-13 12:16:42.516090,52.560996,13.4205308
139,13757,0,2019-06-13 12:16:42.516090,52.4874529,13.4135247
140,15939,0,2019-06-13 12:16:42.516090,52.5764093,13.294824
141,16183,0,2019-06-13 12:16:42.516090,52.495813,13.3797686
142,14054,0,2019-06-13 12:16:42.516090,52.4980913,13.4348135
143,14588,0,2019-06-13 12:16:42.516090,52.5325274,13.3855873
144,16127,0,2019-06-13 12:16:42.516090,52.5522252,13.4301557
145,14140,0,2019-06-13 12:16:42.516090,52.498803,13.4383458
146,14312,0,2019-06-13 12:16:42.516090,52.5139835,13.4350506
147,14984,0,2019-06-13 12:16:42.516090,52.528767,13.2995126
148,15902,0,2019-06-13 12:16:42.516090,52.519503,13.365032
149,13271,0,2019-06-13 12:16:42.516090,52.496899,13.3874245
150,13797,0,2019-06-13 12:16:42.516090,52.4995166,13.4325407
151,16181,0,2019-06-13 12:16:42.516090,52.5417605,13.3780139
152,19998,0,2019-06-13 12:16:42.516090,52.4802641,13.4381537
153,14562,0,2019-06-13 12:16:42.516090,52.4881865,13.5236831
154,13905,0,2019-06-13 12:16:42.516090,52.4871997,13.4077578
155,14348,0,2019-06-13 12:16:42.516090,52.4905237,13.4563223
156,14382,0,2019-06-13 12:16:42.516090,52.4997091,13.3628271
157,14213,0,2019-06-13 12:16:42.516090,52.5228555,13.2852652
158,15920,0,2019-06-13 12:16:42.516090,52.4810858,13.4276867
159,14349,0,2019-06-13 12:16:42.516090,52.4974038,13.4411964
160,14284,0,2019-06-13 12:16:42.516090,52.4911492,13.4111826
161,13423,0,2019-06-13 12:16:42.516090,52.4818431,13.3239097
162,14055,0,2019-06-13 12:16:42.516090,52.488402,13.3017811
163,14858,0,2019-06-13 12:16:42.516090,52.5228958,13.2853141
164,14079,0,2019-06-13 12:16:42.516090,52.5228857,13.2851772
165,14004,0,2019-06-13 12:16:42.516090,52.483142,13.3861803
166,13205,0,2019-06-13 12:16:42.516090,52.5175241,13.4371894
167,14995,0,2019-06-13 12:16:42.516090,52.5291735,13.2965448
168,15842,0,2019-06-13 12:16:42.516090,52.497653,13.3958801
169,15257,0,2019-06-13 12:16:42.516090,52.5800189,13.3426947
170,16184,0,2019-06-13 12:16:42.516090,52.4987479,13.2882996
171,13405,0,2019-06-13 12:16:42.516090,52.5105125,13.4591866
172,15086,0,2019-06-13 12:16:42.516090,52.518717,13.4388034
173,15921,0,2019-06-13 12:16:42.516090,52.4899713,13.3310932
174,14386,0,2019-06-13 12:16:42.516090,52.4971109,13.3241965
175,13911,0,2019-06-13 12:16:42.516090,52.4929989,13.3266524
176,14888,0,2019-06-13 12:16:42.516090,52.4850187,13.3379727
177,14603,0,2019-06-13 12:16:42.516090,52.4894881,13.3635031
178,13221,0,2019-06-13 12:16:42.516090,52.4799125,13.3233321
179,15108,0,2019-06-13 12:16:42.516090,52.5234603,13.4357718
180,15095,0,2019-06-13 12:16:42.516090,52.5080338,13.3323346
181,13578,0,2019-06-13 12:16:42.516090,52.4694618,13.4237674
182,16359,0,2019-06-13 12:16:42.516090,52.5024606,13.4664808
183,13367,0,2019-06-13 12:16:42.516090,52.5274579,13.3286625
184,15163,0,2019-06-13 12:16:42.516090,52.4899614,13.3640957
185,13664,0,2019-06-13 12:16:42.516090,52.4991312,13.4154685
186,13859,0,2019-06-13 12:16:42.516090,52.5430072,13.3765388
187,16293,0,2019-06-13 12:16:42.516090,52.4915538,13.3659068
188,16128,0,2019-06-13 12:16:42.516090,52.5445915,13.3790987
189,16213,0,2019-06-13 12:16:42.516090,52.5501257,13.3606209
190,14198,0,2019-06-13 12:16:42.516090,52.4979055,13.4351468
191,16052,0,2019-06-13 12:16:42.516090,52.4890605,13.4148092
192,13075,0,2019-06-13 12:16:42.516090,52.5260837,13.3691604
193,14684,0,2019-06-13 12:16:42.516090,52.528637,13.3484901
194,13222,0,2019-06-13 12:16:42.516090,52.4873627,13.328748
195,13998,0,2019-06-13 12:16:42.516090,52.5425427,13.3661481
196,13371,0,2019-06-13 12:16:42.516090,52.5080212,13.4490719
197,13721,0,2019-06-13 12:16:42.516090,52.5277873,13.3251445
198,14907,0,2019-06-13 12:16:42.516090,52.4980347,13.39936
199,14239,0,2019-06-13 12:16:42.516090,52.5548517,13.4527124
200,14605,0,2019-06-13 12:16:42.516090,52.5095891,13.2735871
201,14029,0,2019-06-13 12:16:42.516090,52.518196,13.4107084
202,15923,0,2019-06-13 12:16:42.516090,52.5376358,13.3612393
203,16162,0,2019-06-13 12:16:42.516090,52.4788466,13.3241661
204,14939,0,2019-06-13 12:16:42.516090,52.5426419,13.3661501
205,13253,0,2019-06-13 12:16:42.516090,52.5191478,13.3674566
206,13842,0,2019-06-13 12:16:42.516090,52.5238131,13.3995367
207,16152,0,2019-06-13 12:16:42.516090,52.5101117,13.4445547
208,15911,0,2019-06-13 12:16:42.516090,52.4904075,13.3629189
209,14344,0,2019-06-13 12:16:42.516090,52.493319,13.3677232
210,14550,0,2019-06-13 12:16:42.516090,52.4893707,13.3922997
211,14851,0,2019-06-13 12:16:42.516090,52.5430754,13.426612
212,16071,0,2019-06-13 12:16:42.516090,52.5445783,13.3758613
213,15154,0,2019-06-13 12:16:42.516090,52.5237548,13.4120498
214,14963,0,2019-06-13 12:16:42.516090,52.5179384,13.341929
215,13789,0,2019-06-13 12:16:42.516090,52.4902278,13.3248875
216,15214,0,2019-06-13 12:16:42.516090,52.5457549,13.4016089
217,14918,0,2019-06-13 12:16:42.516090,52.5338512,13.4873722
218,15344,0,2019-06-13 12:16:42.516090,52.4990127,13.3712011
219,15802,0,2019-06-13 12:16:42.516090,52.4997597,13.3999089
220,16250,0,2019-06-13 12:16:42.516090,52.5478607,13.3744346
221,16207,0,2019-06-13 12:16:42.516090,52.5478418,13.3744137
222,14043,0,2019-06-13 12:16:42.516090,52.51373983,13.38908323
223,14323,0,2019-06-13 12:16:42.516090,52.5257257,13.3082075
224,16182,0,2019-06-13 12:16:42.516090,52.4779557,13.3287154
225,13455,0,2019-06-13 12:16:42.516090,52.5005114,13.4393454
226,13426,0,2019-06-13 12:16:42.516090,52.4970346,13.4786752
227,14247,0,2019-06-13 12:16:42.516090,52.5162871,13.4057934
228,13950,0,2019-06-13 12:16:42.516090,52.4836433,13.3286438
229,16331,0,2019-06-13 12:16:42.516090,52.4823024,13.3035694
230,14973,0,2019-06-13 12:16:42.516090,52.5118091,13.3013829
231,15046,0,2019-06-13 12:16:42.516090,52.4960672,13.3894779
232,14786,0,2019-06-13 12:16:42.516090,52.4812502,13.455574
233,15318,0,2019-06-13 12:16:42.516090,52.5278775,13.4015865
234,16099,0,2019-06-13 12:16:42.516090,52.4987659,13.4162037
235,14339,0,2019-06-13 12:16:42.516090,52.5012813,13.2967537
236,13312,0,2019-06-13 12:16:42.516090,52.4706586,13.3300272
237,15082,0,2019-06-13 12:16:42.516090,52.5363356,13.3660447
238,13563,0,2019-06-13 12:16:42.516090,52.5296072,13.436619
239,13606,0,2019-06-13 12:16:42.516090,52.4865753,13.3203742
240,14072,0,2019-06-13 12:16:42.516090,52.4865451,13.3204365
241,15358,0,2019-06-13 12:16:42.516090,52.5455916,13.399745
242,13941,0,2019-06-13 12:16:42.516090,52.482777,13.4436285
243,15336,0,2019-06-13 12:16:42.516090,52.4707985,13.42016327
244,14526,0,2019-06-13 12:16:42.516090,52.4610141,13.3847384
245,13158,0,2019-06-13 12:16:42.516090,52.5498354,13.4536404
246,13927,0,2019-06-13 12:16:42.516090,52.497909,13.3916527
247,13188,0,2019-06-13 12:16:42.516090,52.4232969,13.4686669
248,14743,0,2019-06-13 12:16:42.516090,52.4979503,13.3917333
249,16137,0,2019-06-13 12:16:42.516090,52.5359661,13.3763536
250,13707,0,2019-06-13 12:16:42.516090,52.4724213,13.3344775
251,13623,0,2019-06-13 12:16:42.516090,52.5368572,13.6001625
252,16168,0,2019-06-13 12:16:42.516090,52.5181096,13.3418534
253,13073,0,2019-06-13 12:16:42.516090,52.4808118,13.4203624
254,15881,0,2019-06-13 12:16:42.516090,52.480595,13.4201984
255,15068,0,2019-06-13 12:16:42.516090,52.5003565,13.4647346
256,16363,0,2019-06-13 12:16:42.516090,52.5253514,13.3138904
257,14672,0,2019-06-13 12:16:42.516090,52.5006199,13.3924166
258,14416,0,2019-06-13 12:16:42.516090,52.5563034,13.3773409
259,13155,0,2019-06-13 12:16:42.516090,52.4984572,13.4123064
260,15298,0,2019-06-13 12:16:42.516090,52.5001789,13.3190849
261,15229,0,2019-06-13 12:16:42.516090,52.496096,13.4420598
262,14947,0,2019-06-13 12:16:42.516090,52.4876687,13.3599209
263,16101,0,2019-06-13 12:16:42.516090,52.485607,13.3447144
264,13933,0,2019-06-13 12:16:42.516090,52.4849599,13.3814996
265,14836,0,2019-06-13 12:16:42.516090,52.4674844,13.4218754
266,13305,0,2019-06-13 12:16:42.516090,52.4868244,13.3919885
267,14887,0,2019-06-13 12:16:42.516090,52.4906882,13.3914418
268,14902,0,2019-06-13 12:16:42.516090,52.4704762,13.347191
269,13484,0,2019-06-13 12:16:42.516090,52.4724032,13.3308169
270,13991,0,2019-06-13 12:16:42.516090,52.4855431,13.34477
271,13039,0,2019-06-13 12:16:42.516090,52.4855372,13.3446749
272,13352,0,2019-06-13 12:16:42.516090,52.489816,13.3939811
273,13231,0,2019-06-13 12:16:42.516090,52.4907079,13.4234808
274,13170,0,2019-06-13 12:16:42.516090,52.525716,13.3080193
275,13708,0,2019-06-13 12:16:42.516090,52.5257061,13.3080409
276,13477,0,2019-06-13 12:16:42.516090,52.5311607,13.341321
277,13254,0,2019-06-13 12:16:42.516090,52.5608116,13.3881246
278,15270,0,2019-06-13 12:16:42.516090,52.4875626,13.3928213
279,13399,0,2019-06-13 12:16:42.516090,52.4875525,13.3927966
280,15099,0,2019-06-13 12:16:42.516090,52.4832356,13.437045
281,15205,0,2019-06-13 12:16:42.516090,52.501757,13.3378374
282,15836,0,2019-06-13 12:16:42.516090,52.4944361,13.3795786
283,15839,0,2019-06-13 12:16:42.516090,52.5399856,13.41451
284,15004,0,2019-06-13 12:16:42.516090,52.4995429,13.4375948
285,14102,0,2019-06-13 12:16:42.516090,52.4994908,13.4375029
286,13182,0,2019-06-13 12:16:42.516090,52.5281983,13.4216329
287,15935,0,2019-06-13 12:16:42.516090,52.5064514,13.3323541
288,14649,0,2019-06-13 12:16:42.516090,52.5085432,13.4032165
289,15801,0,2019-06-13 12:16:42.516090,52.5019576,13.3662033
290,15247,0,2019-06-13 12:16:42.516090,52.501817,13.3661732
291,13555,0,2019-06-13 12:16:42.516090,52.5714642,13.4288364
292,16225,0,2019-06-13 12:16:42.516090,52.4996822,13.4275989
293,14505,0,2019-06-13 12:16:42.516090,52.5075476,13.4040014
294,13022,0,2019-06-13 12:16:42.516090,52.518537,13.3216492
295,16362,0,2019-06-13 12:16:42.516090,52.5004457,13.4357234
296,14463,0,2019-06-13 12:16:42.516090,52.5197055,13.3647773
297,14368,0,2019-06-13 12:16:42.516090,52.5035423,13.3482792
298,14411,0,2019-06-13 12:16:42.516090,52.5195966,13.3072419
299,19988,0,2019-06-13 12:16:42.516090,52.5012898,13.444586
300,14288,0,2019-06-13 12:16:42.516090,52.5255435,13.3772843
301,14387,0,2019-06-13 12:16:42.516090,52.5215372,13.3248852
302,16094,0,2019-06-13 12:16:42.516090,52.5225698,13.3947826
303,14037,0,2019-06-13 12:16:42.516090,52.5140773,13.4055847
304,15008,0,2019-06-13 12:16:42.516090,52.5203232,13.299464
305,15909,0,2019-06-13 12:16:42.516090,52.4999259,13.4456506
306,13588,0,2019-06-13 12:16:42.516090,52.4854266,13.3576787
307,14556,0,2019-06-13 12:16:42.516090,52.5226737,13.4045319
308,13127,0,2019-06-13 12:16:42.516090,52.5067041,13.3500277
309,15863,0,2019-06-13 12:16:42.516090,52.5271916,13.3724978
310,13586,0,2019-06-13 12:16:42.516090,52.4945481,13.3996502
311,13895,0,2019-06-13 12:16:42.516090,52.5062257,13.4779216
312,16109,0,2019-06-13 12:16:42.516090,52.5181783,13.41836
313,13023,0,2019-06-13 12:16:42.516090,52.4785966,13.4385751
314,13335,0,2019-06-13 12:16:42.516090,52.5233889,13.3095243
315,13298,0,2019-06-13 12:16:42.516090,52.4975008,13.3619652
316,13446,0,2019-06-13 12:16:42.516090,52.4957865,13.37332447
317,13529,0,2019-06-13 12:16:42.516090,52.5089349,13.5247663
318,15883,0,2019-06-13 12:16:42.516090,52.5353583,13.4718216
319,14919,0,2019-06-13 12:16:42.516090,52.5080188,13.3227816
320,15063,0,2019-06-13 12:16:42.516090,52.5022818,13.3949418
321,14773,0,2019-06-13 12:16:42.516090,52.4941505,13.3804998
322,15209,0,2019-06-13 12:16:42.516090,52.491653,13.3870513
323,13046,0,2019-06-13 12:16:42.516090,52.5206161,13.395078
324,13879,0,2019-06-13 12:16:42.516090,52.5247191,13.3776113
325,13684,0,2019-06-13 12:16:42.516090,52.4906086,13.3632855
326,14814,0,2019-06-13 12:16:42.516090,52.4883328,13.3379034
327,13501,0,2019-06-13 12:16:42.516090,52.532139,13.3317701
328,14020,0,2019-06-13 12:16:42.516090,52.4719946,13.4514608
329,16035,0,2019-06-13 12:16:42.516090,52.4855785,13.3445827
330,14813,0,2019-06-13 12:16:42.516090,52.5503401,13.4955876
331,13844,0,2019-06-13 12:16:42.516090,52.486385,13.4428005
332,14001,0,2019-06-13 12:16:42.516090,52.5193457,13.3885552
333,15242,0,2019-06-13 12:16:42.516090,52.5234408,13.3605566
334,14845,0,2019-06-13 12:16:42.516090,52.4960919,13.4219927
335,13878,0,2019-06-13 12:16:42.516090,52.5232248,13.3918679
336,15844,0,2019-06-13 12:16:42.516090,52.4832051,13.4352492
337,13498,0,2019-06-13 12:16:42.516090,52.4991103,13.3813847
338,13398,0,2019-06-13 12:16:42.516090,52.5022704,13.4148072
339,14960,0,2019-06-13 12:16:42.516090,52.4933758,13.3849751
340,14792,0,2019-06-13 12:16:42.516090,52.5231746,13.3064643
341,15913,0,2019-06-13 12:16:42.516090,52.4959374,13.3296444
342,14249,0,2019-06-13 12:16:42.516090,52.4730646,13.3171098
343,14853,0,2019-06-13 12:16:42.516090,52.4823359,13.3476014
344,15395,0,2019-06-13 12:16:42.516090,52.5052939,13.4022877
345,14791,0,2019-06-13 12:16:42.516090,52.5090429,13.4364343
346,15296,0,2019-06-13 12:16:42.516090,52.5018694,13.3855663
347,14285,0,2019-06-13 12:16:42.516090,52.5020165,13.3854852
348,14106,0,2019-06-13 12:16:42.516090,52.5273607,13.4030644
349,13615,0,2019-06-13 12:16:42.516090,52.4591423,13.3753716
350,15128,0,2019-06-13 12:16:42.516090,52.51608,13.4083021
351,13546,0,2019-06-13 12:16:42.516090,52.4978232,13.3617437
352,14606,0,2019-06-13 12:16:42.516090,52.5100849,13.4606578
353,13310,0,2019-06-13 12:16:42.516090,52.4721405,13.4384807
354,15885,0,2019-06-13 12:16:42.516090,52.5203612,13.4254109
355,15386,0,2019-06-13 12:16:42.516090,52.496156,13.4041009
356,13463,0,2019-06-13 12:16:42.516090,52.5312937,13.3852412
357,13318,0,2019-06-13 12:16:42.516090,52.480114,13.3714464
358,13401,0,2019-06-13 12:16:42.516090,52.4799467,13.4395086
359,14909,0,2019-06-13 12:16:42.516090,52.4958606,13.3996908
360,14584,0,2019-06-13 12:16:42.516090,52.5073424,13.5116638
361,14880,0,2019-06-13 12:16:42.516090,52.5006154,13.3916281
362,13084,0,2019-06-13 12:16:42.516090,52.4647453,13.4424206
363,16123,0,2019-06-13 12:16:42.516090,52.51714882,13.37569227
364,15285,0,2019-06-13 12:16:42.516090,52.4941385,13.4213869
365,13220,0,2019-06-13 12:16:42.516090,52.4917162,13.4593052
366,14980,0,2019-06-13 12:16:42.516090,52.5518979,13.4868744
367,13631,0,2019-06-13 12:16:42.516090,52.4784363,13.3714014
368,14036,0,2019-06-13 12:16:42.516090,52.5060226,13.4661115
369,13008,0,2019-06-13 12:16:42.516090,52.4991997,13.417895
370,16165,0,2019-06-13 12:16:42.516090,52.5440778,13.274869
371,14802,0,2019-06-13 12:16:42.516090,52.5195852,13.4051137
372,13268,0,2019-06-13 12:16:42.516090,52.481817,13.3208405
373,14454,0,2019-06-13 12:16:42.516090,52.5340224,13.3787096
374,13993,0,2019-06-13 12:16:42.516090,52.4806955,13.4249642
375,13581,0,2019-06-13 12:16:42.516090,52.4990015,13.3247117
376,13394,0,2019-06-13 12:16:42.516090,52.5244962,13.3497317
377,14707,0,2019-06-13 12:16:42.516090,52.5463946,13.3760485
378,13720,0,2019-06-13 12:16:42.516090,52.5009322,13.3168412
379,13439,0,2019-06-13 12:16:42.516090,52.5205423,13.4120512
380,13936,0,2019-06-13 12:16:42.516090,52.4850038,13.3834161
381,16040,0,2019-06-13 12:16:42.516090,52.5035823,13.3862276
382,15153,0,2019-06-13 12:16:42.516090,52.5149304,13.4579832
383,15808,0,2019-06-13 12:16:42.516090,52.5423981,13.3659932
384,14854,0,2019-06-13 12:16:42.516090,52.4911148,13.3309345
385,16084,0,2019-06-13 12:16:42.516090,52.4790564,13.4455013
386,15204,0,2019-06-13 12:16:42.516090,52.5257685,13.3062201
387,14733,0,2019-06-13 12:16:42.516090,52.4970739,13.354577
388,14507,0,2019-06-13 12:16:42.516090,52.4874915,13.4195456
389,15050,0,2019-06-13 12:16:42.516090,52.5195591,13.3557916
390,13675,0,2019-06-13 12:16:42.516090,52.4997875,13.3627679
391,15831,0,2019-06-13 12:16:42.516090,52.4933444,13.3172718
392,13091,0,2019-06-13 12:16:42.516090,52.5316517,13.3963842
393,15065,0,2019-06-13 12:16:42.516090,52.4938408,13.4623254
394,13408,0,2019-06-13 12:16:42.516090,52.4938408,13.4623254
395,15365,0,2019-06-13 12:16:42.516090,52.5376447,13.3606589
396,13753,0,2019-06-13 12:16:42.516090,52.4895588,13.3912733
397,13391,0,2019-06-13 12:16:42.516090,52.487933,13.3733093
398,15151,0,2019-06-13 12:16:42.516090,52.48554572,13.41988018
399,16282,0,2019-06-13 12:16:42.516090,52.5379929,13.3620053
400,14863,0,2019-06-13 12:16:42.516090,52.489459,13.3619489
401,13536,0,2019-06-13 12:16:42.516090,52.5677106,13.4993267
402,13203,0,2019-06-13 12:16:42.516090,52.4993608,13.2927069
403,13002,0,2019-06-13 12:16:42.516090,52.502941,13.4469422
404,14706,0,2019-06-13 12:16:42.516090,52.5036892,13.3401303
405,13330,0,2019-06-13 12:16:42.516090,52.5491515,13.4137046
406,13985,0,2019-06-13 12:16:42.516090,52.4962029,13.4851703
407,13354,0,2019-06-13 12:16:42.516090,52.5107407,13.4520974
408,15829,0,2019-06-13 12:16:42.516090,52.4993628,13.4635603
409,15859,0,2019-06-13 12:16:42.516090,52.5242957,13.3299003
410,14968,0,2019-06-13 12:16:42.516090,52.5055801,13.345361
411,15066,0,2019-06-13 12:16:42.516090,52.5295698,13.3139833
412,15300,0,2019-06-13 12:16:42.516090,52.4853594,13.3634593
413,15396,0,2019-06-13 12:16:42.516090,52.527431,13.364069
414,16191,0,2019-06-13 12:16:42.516090,52.5050021,13.3363776
415,14761,0,2019-06-13 12:16:42.516090,52.5038618,13.291765
416,14321,0,2019-06-13 12:16:42.516090,52.5301628939,13.4530242874
417,14727,0,2019-06-13 12:16:42.516090,52.5023575,13.4438069
418,15340,0,2019-06-13 12:16:42.516090,52.4904348,13.3932978
419,13962,0,2019-06-13 12:16:42.516090,52.5477126,13.3887824
420,14461,0,2019-06-13 12:16:42.516090,52.522334,13.3939044
421,16339,0,2019-06-13 12:16:42.516090,52.5028356,13.3877794
422,14287,0,2019-06-13 12:16:42.516090,52.4955519,13.4205186
423,14561,0,2019-06-13 12:16:42.516090,52.4961662,13.4157101
424,16259,0,2019-06-13 12:16:42.516090,52.4908403,13.4072854
425,14821,0,2019-06-13 12:16:42.516090,52.5030075,13.4312559
426,13964,0,2019-06-13 12:16:42.516090,52.5142118,13.3168509
427,13293,0,2019-06-13 12:16:42.516090,52.5068424,13.3176699
428,16208,0,2019-06-13 12:16:42.516090,52.5367427,13.3764046
429,14205,0,2019-06-13 12:16:42.516090,52.4842516,13.4349257
430,13774,0,2019-06-13 12:16:42.516090,52.4945393,13.3887888
431,13185,0,2019-06-13 12:16:42.516090,52.5179492,13.3219208
432,13147,0,2019-06-13 12:16:42.516090,52.5035065,13.2871335
433,13863,0,2019-06-13 12:16:42.516090,52.54745,13.3937274
434,15166,0,2019-06-13 12:16:42.516090,52.5231057,13.4089682
435,13193,0,2019-06-13 12:16:42.516090,52.5304029,13.3370179
436,14620,0,2019-06-13 12:16:42.516090,52.4997083,13.4602849
437,16361,0,2019-06-13 12:16:42.516090,52.4859422,13.4218088
438,15282,0,2019-06-13 12:16:42.516090,52.4918618,13.3551067
439,13038,0,2019-06-13 12:16:42.516090,52.4906435,13.4236165
440,13785,0,2019-06-13 12:16:42.516090,52.484511,13.3452095
441,15274,0,2019-06-13 12:16:42.516090,52.5268586,13.3345985
442,16090,0,2019-06-13 12:16:42.516090,52.5268403,13.3346109
443,14931,0,2019-06-13 12:16:42.516090,52.5004575,13.2994751
444,15868,0,2019-06-13 12:16:42.516090,52.4995596,13.416632
445,13894,0,2019-06-13 12:16:42.516090,52.4934673,13.4601168
446,13055,0,2019-06-13 12:16:42.516090,52.4876834,13.3925768
447,16336,0,2019-06-13 12:16:42.516090,52.4980081,13.4169949
448,14141,0,2019-06-13 12:16:42.516090,52.4688014,13.3738803
449,14173,0,2019-06-13 12:16:42.516090,52.4898908,13.3888686
450,14290,0,2019-06-13 12:16:42.516090,52.4882891,13.414475
451,14712,0,2019-06-13 12:16:42.516090,52.4910945,13.4233929
452,13213,0,2019-06-13 12:16:42.516090,52.4681811,13.4893231
453,14816,0,2019-06-13 12:16:42.516090,52.4950653,13.3838973
454,15960,0,2019-06-13 12:16:42.516090,52.5038486,13.3611853
455,13289,0,2019-06-13 12:16:42.516090,52.5054929,13.4021493
456,16301,0,2019-06-13 12:16:42.516090,52.5053136,13.4022103
457,13662,0,2019-06-13 12:16:42.516090,52.5070389,13.4151372
458,13827,0,2019-06-13 12:16:42.516090,52.5398924,13.3706037
459,14257,0,2019-06-13 12:16:42.516090,52.49945963,13.44331395
460,15165,0,2019-06-13 12:16:42.516090,52.534185,13.3983522
461,13122,0,2019-06-13 12:16:42.516090,52.5007703,13.4171617
462,15382,0,2019-06-13 12:16:42.516090,52.5058512,13.3220243
463,16201,0,2019-06-13 12:16:42.516090,52.5282202,13.3194674
464,14369,0,2019-06-13 12:16:42.516090,52.4864749,13.3517578
465,14318,0,2019-06-13 12:16:42.516090,52.5008108,13.4420457
466,14872,0,2019-06-13 12:16:42.516090,52.5425721,13.3661534
467,16107,0,2019-06-13 12:16:42.516090,52.5135663,13.5204549
468,13120,0,2019-06-13 12:16:42.516090,52.521982,13.3820921
469,16078,0,2019-06-13 12:16:42.516090,52.5004488,13.3925502
470,15845,0,2019-06-13 12:16:42.516090,52.5098599,13.3250409
471,15361,0,2019-06-13 12:16:42.516090,52.5115912,13.3833006
472,13922,0,2019-06-13 12:16:42.516090,52.5115708,13.3833272
473,14624,0,2019-06-13 12:16:42.516090,52.5115431,13.3832844
474,14767,0,2019-06-13 12:16:42.516090,52.5115797,13.3833097
475,14068,0,2019-06-13 12:16:42.516090,52.5190784,13.3012547
476,14451,0,2019-06-13 12:16:42.516090,52.4984526,13.4025823
477,13161,0,2019-06-13 12:16:42.516090,52.5181192,13.3983178
478,15070,0,2019-06-13 12:16:42.516090,52.5257194,13.3079831
479,13713,0,2019-06-13 12:16:42.516090,52.5041088,13.3278148
480,15963,0,2019-06-13 12:16:42.516090,52.49324,13.3779238
481,13282,0,2019-06-13 12:16:42.516090,52.4957102,13.4434146
482,13370,0,2019-06-13 12:16:42.516090,52.4985534,13.3961547
483,15381,0,2019-06-13 12:16:42.516090,52.4913147,13.3231709
484,13970,0,2019-06-13 12:16:42.516090,52.4913018,13.3231528
485,13841,0,2019-06-13 12:16:42.516090,52.4919699,13.4123852
486,13893,0,2019-06-13 12:16:42.516090,52.5362994,13.4224686
487,14147,0,2019-06-13 12:16:42.516090,52.4917576,13.3369794
488,13212,0,2019-06-13 12:16:42.516090,52.5140014,13.2640269
489,14000,0,2019-06-13 12:16:42.516090,52.493954,13.3882832
490,13839,0,2019-06-13 12:16:42.516090,52.4896178,13.4549315
491,14319,0,2019-06-13 12:16:42.516090,52.4989053,13.3350737
492,13504,0,2019-06-13 12:16:42.516090,52.4989473,13.3351973
493,15820,0,2019-06-13 12:16:42.516090,52.5059429,13.2985142
494,13358,0,2019-06-13 12:16:42.516090,52.5244194,13.3031612
495,14527,0,2019-06-13 12:16:42.516090,52.4961026,13.3111965
496,15104,0,2019-06-13 12:16:42.516090,52.5059029,13.2985886
497,15228,0,2019-06-13 12:16:42.516090,52.5239229,13.4075589
498,16338,0,2019-06-13 12:16:42.516090,52.4728212,13.4430344
499,13627,0,2019-06-13 12:16:42.516090,52.5021235,13.4814924
500,13790,0,2019-06-13 12:16:42.516090,52.5086149,13.4043417
501,13595,0,2019-06-13 12:16:42.516090,52.5179051,13.3982753
502,14801,0,2019-06-13 12:16:42.516090,52.5423955,13.3697161
503,13746,0,2019-06-13 12:16:42.516090,52.4936857,13.4604078
504,15208,0,2019-06-13 12:16:42.516090,52.5443636,13.3714372
505,14691,0,2019-06-13 12:16:42.516090,52.5255413,13.4094597
506,14324,0,2019-06-13 12:16:42.516090,52.4850379,13.3781475
507,13821,0,2019-06-13 12:16:42.516090,52.5075575,13.4540935
508,16043,0,2019-06-13 12:16:42.516090,52.5007314,13.4114159
509,15280,0,2019-06-13 12:16:42.516090,52.4922611,13.3709887
510,16126,0,2019-06-13 12:16:42.516090,52.5003675,13.3310597
511,15017,0,2019-06-13 12:16:42.516090,52.4799922,13.3258078
512,14862,0,2019-06-13 12:16:42.516090,52.5405379,13.4384688
513,13422,0,2019-06-13 12:16:42.516090,52.533665,13.3985121
514,15100,0,2019-06-13 12:16:42.516090,52.5384602,13.3633473
515,15394,0,2019-06-13 12:16:42.516090,52.5098355,13.5247671
516,16177,0,2019-06-13 12:16:42.516090,52.4988047,13.4173307
517,15943,0,2019-06-13 12:16:42.516090,52.5327836,13.3274583
518,14450,0,2019-06-13 12:16:42.516090,52.5242313,13.3684293
519,16315,0,2019-06-13 12:16:42.516090,52.5113666,13.4634205
520,14913,0,2019-06-13 12:16:42.516090,52.5193147,13.3818009
521,13924,0,2019-06-13 12:16:42.516090,52.4951483,13.4138758
522,13838,0,2019-06-13 12:16:42.516090,52.5232932,13.4048415
523,16116,0,2019-06-13 12:16:42.516090,52.5302569,13.3914847
524,13472,0,2019-06-13 12:16:42.516090,52.5227914,13.3646534
525,16337,0,2019-06-13 12:16:42.516090,52.4833085,13.4410697
526,16291,0,2019-06-13 12:16:42.516090,52.5139155,13.3927528
527,14669,0,2019-06-13 12:16:42.516090,52.4945154,13.3888546
528,14936,0,2019-06-13 12:16:42.516090,52.5206035,13.3712685
529,13198,0,2019-06-13 12:16:42.516090,52.5132933,13.4646061
530,16059,0,2019-06-13 12:16:42.516090,52.54448855,13.38104138
531,13380,0,2019-06-13 12:16:42.516090,52.5165859,13.3803446
532,16150,0,2019-06-13 12:16:42.516090,52.4893354,13.397622
533,13630,0,2019-06-13 12:16:42.516090,52.4988982,13.4493535
534,14196,0,2019-06-13 12:16:42.516090,52.5170289,13.3908041
535,14557,0,2019-06-13 12:16:42.516090,52.5236892,13.3805814
536,15930,0,2019-06-13 12:16:42.516090,52.5016125,13.3660051
537,14871,0,2019-06-13 12:16:42.516090,52.5449875,13.4438604
538,15284,0,2019-06-13 12:16:42.516090,52.5196807,13.4051134
539,15888,0,2019-06-13 12:16:42.516090,52.4987936,13.4596457
540,13952,0,2019-06-13 12:16:42.516090,52.5475781,13.4134699
541,15011,0,2019-06-13 12:16:42.516090,52.5243893,13.4061168
542,14085,0,2019-06-13 12:16:42.516090,52.5196127,13.4115457
543,16340,0,2019-06-13 12:16:42.516090,52.5234333,13.3835298
544,13912,0,2019-06-13 12:16:42.516090,52.4853104,13.4414473
545,16133,0,2019-06-13 12:16:42.516090,52.51003367,13.44984173
546,14082,0,2019-06-13 12:16:42.516090,52.4970574,13.4125674
547,14726,0,2019-06-13 12:16:42.516090,52.4965515,13.4224477
548,13226,0,2019-06-13 12:16:42.516090,52.5123487,13.3164537
549,13077,0,2019-06-13 12:16:42.516090,52.4856356,13.4229901
550,15320,0,2019-06-13 12:16:42.516090,52.5184521,13.3356746
551,15067,0,2019-06-13 12:16:42.516090,52.498693,13.4491792
552,13899,0,2019-06-13 12:16:42.516090,52.5091176,13.328961
553,13949,0,2019-06-13 12:16:42.516090,52.500449,13.4356769
554,14598,0,2019-06-13 12:16:42.516090,52.4728858,13.4550479
555,13487,0,2019-06-13 12:16:42.516090,52.511009,13.3715369
556,13243,0,2019-06-13 12:16:42.516090,52.5012794,13.4447016
557,13372,0,2019-06-13 12:16:42.516090,52.4826486,13.4421348
558,13805,0,2019-06-13 12:16:42.516090,52.5197611,13.320039
559,14849,0,2019-06-13 12:16:42.516090,52.5660508,13.3288576
560,15037,0,2019-06-13 12:16:42.516090,52.51628115,13.3467395
561,15012,0,2019-06-13 12:16:42.516090,52.5140842,13.4032714
562,13843,0,2019-06-13 12:16:42.516090,52.4804228,13.4387993
563,15052,0,2019-06-13 12:16:42.516090,52.4622729,13.3258178
564,13083,0,2019-06-13 12:16:42.516090,52.5021469,13.4867183
565,13462,0,2019-06-13 12:16:42.516090,52.5068098,13.297493
566,13963,0,2019-06-13 12:16:42.516090,52.5295065,13.3998841
567,14413,0,2019-06-13 12:16:42.516090,52.5146282,13.3774419
568,16220,0,2019-06-13 12:16:42.516090,52.5226808,13.4023418
569,14614,0,2019-06-13 12:16:42.516090,52.5088121,13.450703
570,13238,0,2019-06-13 12:16:42.516090,52.4915825,13.4700786
571,15832,0,2019-06-13 12:16:42.516090,52.4929469,13.4287471
572,13011,0,2019-06-13 12:16:42.516090,52.5078087,13.4565802
573,15075,0,2019-06-13 12:16:42.516090,52.5295264,13.4048589
574,13482,0,2019-06-13 12:16:42.516090,52.4874131,13.4249165
575,13909,0,2019-06-13 12:16:42.516090,52.5087369,13.311501
576,14800,0,2019-06-13 12:16:42.516090,52.486971,13.4452209
577,14077,0,2019-06-13 12:16:42.516090,52.5306859,13.3828205
578,14533,0,2019-06-13 12:16:42.516090,52.5178008,13.3649248
579,16276,0,2019-06-13 12:16:42.516090,52.5298556,13.3748925
580,16119,0,2019-06-13 12:16:42.516090,52.4692747,13.4368113
581,14709,0,2019-06-13 12:16:42.516090,52.541523,13.3835336
582,16222,0,2019-06-13 12:16:42.516090,52.5477328,13.3888062
583,14757,0,2019-06-13 12:16:42.516090,52.5084739,13.4355544
584,14582,0,2019-06-13 12:16:42.516090,52.5061403,13.4382237
585,14549,0,2019-06-13 12:16:42.516090,52.4981623,13.3352057
586,13548,0,2019-06-13 12:16:42.516090,52.4742034,13.4262421
587,13306,0,2019-06-13 12:16:42.516090,52.5092329,13.3722149
588,15303,0,2019-06-13 12:16:42.516090,52.5375301,13.4352013
589,14143,0,2019-06-13 12:16:42.516090,52.5027803,13.3263936
590,16265,0,2019-06-13 12:16:42.516090,52.4847476,13.4388925
591,15170,0,2019-06-13 12:16:42.516090,52.4910687,13.3605576
592,13059,0,2019-06-13 12:16:42.516090,52.509172,13.3726495
593,13833,0,2019-06-13 12:16:42.516090,52.509066,13.3768981
594,13251,0,2019-06-13 12:16:42.516090,52.4649726,13.3976509
595,14837,0,2019-06-13 12:16:42.516090,52.4979339,13.4063939
596,14976,0,2019-06-13 12:16:42.516090,52.5004076,13.401098
597,16277,0,2019-06-13 12:16:42.516090,52.4938757,13.4215431
598,15841,0,2019-06-13 12:16:42.516090,52.5088865,13.3892538
599,16110,0,2019-06-13 12:16:42.516090,52.505728,13.3030896
600,15897,0,2019-06-13 12:16:42.516090,52.4810623,13.3563281
601,13671,0,2019-06-13 12:16:42.516090,52.4898966,13.3887446
602,14756,0,2019-06-13 12:16:42.516090,52.5340022,13.3795191
603,16129,0,2019-06-13 12:16:42.516090,52.5340224,13.3794787
604,15268,0,2019-06-13 12:16:42.516090,52.5441136,13.4179189
605,14938,0,2019-06-13 12:16:42.516090,52.519998,13.4051413
606,14468,0,2019-06-13 12:16:42.516090,52.5311735,13.3412944
607,16354,0,2019-06-13 12:16:42.516090,52.5187077,13.3886433
608,15367,0,2019-06-13 12:16:42.516090,52.5187232,13.3886941
609,15173,0,2019-06-13 12:16:42.516090,52.5199066,13.4225579
610,15230,0,2019-06-13 12:16:42.516090,52.4809799,13.3779065
611,13764,0,2019-06-13 12:16:42.516090,52.4761108,13.4174206
612,14575,0,2019-06-13 12:16:42.516090,52.5006074,13.3668221
613,15291,0,2019-06-13 12:16:42.516090,52.494398,13.3520648
614,13614,0,2019-06-13 12:16:42.516090,52.4943852,13.3836433
615,15252,0,2019-06-13 12:16:42.516090,52.4858056,13.4421555
616,13368,0,2019-06-13 12:16:42.516090,52.5196533,13.4017238
617,13315,0,2019-06-13 12:16:42.516090,52.5212066,13.285889
618,14297,0,2019-06-13 12:16:42.516090,52.4785358,13.4464887
619,14201,0,2019-06-13 12:16:42.516090,52.5073783,13.2807492
620,14356,0,2019-06-13 12:16:42.516090,52.5182037,13.4010869
621,13382,0,2019-06-13 12:16:42.516090,52.5005059,13.4011278
622,15073,0,2019-06-13 12:16:42.516090,52.5235502,13.3795711
623,13904,0,2019-06-13 12:16:42.516090,52.4990227,13.4430946
624,13200,0,2019-06-13 12:16:42.516090,52.5129797,13.4314261
625,16161,0,2019-06-13 12:16:42.516090,52.5059999,13.3200563
626,13618,0,2019-06-13 12:16:42.516090,52.4776058,13.4261174
627,15858,0,2019-06-13 12:16:42.516090,52.4814703,13.3202393
628,16039,0,2019-06-13 12:16:42.516090,52.5316273,13.4122643
629,14211,0,2019-06-13 12:16:42.516090,52.5228451,13.4149389
630,15102,0,2019-06-13 12:16:42.516090,52.5031526,13.3731517
631,13262,0,2019-06-13 12:16:42.516090,52.4771311,13.4348355
632,13071,0,2019-06-13 12:16:42.516090,52.497381,13.391308
633,13954,0,2019-06-13 12:16:42.516090,52.508955,13.3114603
634,15837,0,2019-06-13 12:16:42.516090,52.4971048,13.4793319
635,13836,0,2019-06-13 12:16:42.516090,52.5052926,13.4248239
636,13851,0,2019-06-13 12:16:42.516090,52.5053211,13.4247235
637,14702,0,2019-06-13 12:16:42.516090,52.5043746,13.3783037
638,13103,0,2019-06-13 12:16:42.516090,52.5236189,13.4022559
639,15940,0,2019-06-13 12:16:42.516090,52.5407685,13.3812964
640,14080,0,2019-06-13 12:16:42.516090,52.5408057,13.3816184
641,16219,0,2019-06-13 12:16:42.516090,52.4918723,13.4168811
642,15112,0,2019-06-13 12:16:42.516090,52.4815836,13.3568692
643,14941,0,2019-06-13 12:16:42.516090,52.5006816,13.4129699
644,15929,0,2019-06-13 12:16:42.516090,52.5245755,13.2995854
645,13145,0,2019-06-13 12:16:42.516090,52.521352,13.4143456
646,13414,0,2019-06-13 12:16:42.516090,52.5195315,13.4034719
647,13852,0,2019-06-13 12:16:42.516090,52.5278229,13.3246865
648,13886,0,2019-06-13 12:16:42.516090,52.4927318,13.4908196
649,13951,0,2019-06-13 12:16:42.516090,52.5179404,13.4115966
650,13602,0,2019-06-13 12:16:42.516090,52.5212463,13.4107807
651,13519,0,2019-06-13 12:16:42.516090,52.5035454,13.3427694
652,16349,0,2019-06-13 12:16:42.516090,52.5036555,13.3429037
653,13255,0,2019-06-13 12:16:42.516090,52.5255717,13.3988003
654,14613,0,2019-06-13 12:16:42.516090,52.4893005,13.3928093
655,15217,0,2019-06-13 12:16:42.516090,52.5064161,13.3732906
656,14131,0,2019-06-13 12:16:42.516090,52.5356448,13.4341596
657,15138,0,2019-06-13 12:16:42.516090,52.52428,13.4124169
658,15220,0,2019-06-13 12:16:42.516090,52.5106649,13.3055164
659,13739,0,2019-06-13 12:16:42.516090,52.4934241,13.384929
660,16198,0,2019-06-13 12:16:42.516090,52.509752,13.30576
661,14534,0,2019-06-13 12:16:42.516090,52.4874575,13.4195886
662,14233,0,2019-06-13 12:16:42.516090,52.527449,13.3926242
663,15813,0,2019-06-13 12:16:42.516090,52.5071567,13.3331118
664,13846,0,2019-06-13 12:16:42.516090,52.5344749,13.329889
665,15818,0,2019-06-13 12:16:42.516090,52.5054195,13.4327704
666,14612,0,2019-06-13 12:16:42.516090,52.5158407,13.3768825
667,14098,0,2019-06-13 12:16:42.516090,52.5158416,13.3768784
668,14441,0,2019-06-13 12:16:42.516090,52.5399994,13.3589895
669,14644,0,2019-06-13 12:16:42.516090,52.5324377,13.3603956
670,14014,0,2019-06-13 12:16:42.516090,52.4824328,13.4489807
671,15292,0,2019-06-13 12:16:42.516090,52.5332684,13.3287765
672,15006,0,2019-06-13 12:16:42.516090,52.5304814,13.4396718
673,13847,0,2019-06-13 12:16:42.516090,52.5424614,13.3696957
674,15957,0,2019-06-13 12:16:42.516090,52.5214818,13.4271971
675,15938,0,2019-06-13 12:16:42.516090,52.5018283,13.3425115
676,16189,0,2019-06-13 12:16:42.516090,52.4958118,13.429392
677,13287,0,2019-06-13 12:16:42.516090,52.529379,13.3630625
678,16066,0,2019-06-13 12:16:42.516090,52.5324266,13.3603551
679,13224,0,2019-06-13 12:16:42.516090,52.4864508,13.4497049
680,13544,0,2019-06-13 12:16:42.516090,52.4810657,13.3503642
681,14410,0,2019-06-13 12:16:42.516090,52.5095394,13.378346
682,16112,0,2019-06-13 12:16:42.516090,52.5159516,13.3311106
683,19985,0,2019-06-13 12:16:42.516090,52.4911475,13.4500019
684,14715,0,2019-06-13 12:16:42.516090,52.5006294,13.4401599
685,15057,0,2019-06-13 12:16:42.516090,52.4919865,13.4123345
686,15864,0,2019-06-13 12:16:42.516090,52.4939223,13.3455973
687,15815,0,2019-06-13 12:16:42.516090,52.54834,13.3886467
688,15317,0,2019-06-13 12:16:42.516090,52.5121474,13.4191552
689,13772,0,2019-06-13 12:16:42.516090,52.546215,13.4092918
690,15255,0,2019-06-13 12:16:42.516090,52.5361712,13.4328796
691,16300,0,2019-06-13 12:16:42.516090,52.4900061,13.4028169
692,14822,0,2019-06-13 12:16:42.516090,52.4940231,13.4600866
693,13643,0,2019-06-13 12:16:42.516090,52.4962263,13.4542935
694,16353,0,2019-06-13 12:16:42.516090,52.5308414,13.3617628
695,13269,0,2019-06-13 12:16:42.516090,52.5306213,13.3619255
696,16186,0,2019-06-13 12:16:42.516090,52.4892042,13.3957744
697,15219,0,2019-06-13 12:16:42.516090,52.5053356,13.3400651
698,16200,0,2019-06-13 12:16:42.516090,52.5192435,13.3168608
699,14753,0,2019-06-13 12:16:42.516090,52.4719803,13.3855193
700,14719,0,2019-06-13 12:16:42.516090,52.5269053,13.3907637
701,14316,0,2019-06-13 12:16:42.516090,52.5411874,13.4387069
702,13124,0,2019-06-13 12:16:42.516090,52.5102083,13.492169
703,14964,0,2019-06-13 12:16:42.516090,52.527768,13.4008046
704,15059,0,2019-06-13 12:16:42.516090,52.5210093,13.3879395
705,13748,0,2019-06-13 12:16:42.516090,52.5511533,13.4634332
706,13053,0,2019-06-13 12:16:42.516090,52.4961507,13.4070901
707,15239,0,2019-06-13 12:16:42.516090,52.4900069,13.3529312
708,14024,0,2019-06-13 12:16:42.516090,52.5087184,13.2735622
709,19993,0,2019-06-13 12:16:42.516090,52.5086953,13.2736577
710,14114,0,2019-06-13 12:16:42.516090,52.5368321,13.417246
711,16178,0,2019-06-13 12:16:42.516090,52.5081557,13.3695818
712,14261,0,2019-06-13 12:16:42.516090,52.5296702,13.4013377
713,14824,0,2019-06-13 12:16:42.516090,52.4906141,13.4235021
714,15852,0,2019-06-13 12:16:42.516090,52.4888367,13.3429074
715,14103,0,2019-06-13 12:16:42.516090,52.48952,13.4395212
716,15143,0,2019-06-13 12:16:42.516090,52.5004638,13.3289313
717,13322,0,2019-06-13 12:16:42.516090,52.4603705,13.4364991
718,13065,0,2019-06-13 12:16:42.516090,52.4913397,13.3460699
719,15142,0,2019-06-13 12:16:42.516090,52.4883503,13.4275927
720,14431,0,2019-06-13 12:16:42.516090,52.491255,13.3461667
721,15262,0,2019-06-13 12:16:42.516090,52.5173102,13.3923733
722,15373,0,2019-06-13 12:16:42.516090,52.4856721,13.3765327
723,13820,0,2019-06-13 12:16:42.516090,52.5254696,13.4122218
724,13409,0,2019-06-13 12:16:42.516090,52.4938749,13.4181576
725,15024,0,2019-06-13 12:16:42.516090,52.4939074,13.4184281
726,14751,0,2019-06-13 12:16:42.516090,52.5197791,13.4101461
727,14600,0,2019-06-13 12:16:42.516090,52.4812216,13.4348525
728,13543,0,2019-06-13 12:16:42.516090,52.4836023,13.335274
729,16064,0,2019-06-13 12:16:42.516090,52.5423752,13.3659692
730,13343,0,2019-06-13 12:16:42.516090,52.5200242,13.4047813
731,15890,0,2019-06-13 12:16:42.516090,52.5425931,13.4250183
732,14688,0,2019-06-13 12:16:42.516090,52.5246339,13.4079347
733,15878,0,2019-06-13 12:16:42.516090,52.49053065,13.34750983
734,15271,0,2019-06-13 12:16:42.516090,52.5077197,13.3293405
735,16365,0,2019-06-13 12:16:42.516090,52.4648737,13.3283878
736,13319,0,2019-06-13 12:16:42.516090,52.5341097,13.3471436
737,14256,0,2019-06-13 12:16:42.516090,52.5298509,13.4182183
738,13857,0,2019-06-13 12:16:42.516090,52.4858522,13.4385359
739,13450,0,2019-06-13 12:16:42.516090,52.5278675,13.3858495
740,16158,0,2019-06-13 12:16:42.516090,52.5316619,13.3816903
741,14860,0,2019-06-13 12:16:42.516090,52.5101093,13.2839915
742,13582,0,2019-06-13 12:16:42.516090,52.5187627,13.2861122
743,14877,0,2019-06-13 12:16:42.516090,52.4942022,13.4599198
744,15167,0,2019-06-13 12:16:42.516090,52.5246692,13.4079441
745,14432,0,2019-06-13 12:16:42.516090,52.5094443,13.4153285
746,15854,0,2019-06-13 12:16:42.516090,52.491363,13.3461666
747,14737,0,2019-06-13 12:16:42.516090,52.5170029,13.4609439
748,15203,0,2019-06-13 12:16:42.516090,52.5206382,13.4265528
749,15249,0,2019-06-13 12:16:42.516090,52.5284789,13.4240425
750,13722,0,2019-06-13 12:16:42.516090,52.504086,13.3826278
751,15168,0,2019-06-13 12:16:42.516090,52.5040161,13.3827144
752,14923,0,2019-06-13 12:16:42.516090,52.5369994,13.4494962
753,14829,0,2019-06-13 12:16:42.516090,52.4709924,13.432111
754,16157,0,2019-06-13 12:16:42.516090,52.4569873,13.3211417
755,13953,0,2019-06-13 12:16:42.516090,52.480504,13.4163299
756,14811,0,2019-06-13 12:16:42.516090,52.5067212,13.3459048
757,14008,0,2019-06-13 12:16:42.516090,52.5454663,13.360955
758,16169,0,2019-06-13 12:16:42.516090,52.50432655,13.44152875
759,13197,0,2019-06-13 12:16:42.516090,52.4960012,13.3613027
760,14738,0,2019-06-13 12:16:42.516090,52.5340568,13.3499508
761,14156,0,2019-06-13 12:16:42.516090,52.5058445,13.4503838
762,14599,0,2019-06-13 12:16:42.516090,52.4958948,13.3051035
763,14638,0,2019-06-13 12:16:42.516090,52.5038665,13.4430583
764,14044,0,2019-06-13 12:16:42.516090,52.504263,13.44196
765,16166,0,2019-06-13 12:16:42.516090,52.53379235,13.34709452
766,13687,0,2019-06-13 12:16:42.516090,52.5221291,13.3796778
767,16088,0,2019-06-13 12:16:42.516090,52.4914525,13.3870528
768,16018,0,2019-06-13 12:16:42.516090,52.5425831,13.3661074
769,14818,0,2019-06-13 12:16:42.516090,52.5148108,13.4301179
770,16032,0,2019-06-13 12:16:42.516090,52.5313945,13.4121739
771,13225,0,2019-06-13 12:16:42.516090,52.4994227,13.3651219
772,14640,0,2019-06-13 12:16:42.516090,52.489888,13.4552872
773,13387,0,2019-06-13 12:16:42.516090,52.4898429,13.4551907
774,13473,0,2019-06-13 12:16:42.516090,52.4976313,13.4291228
775,15927,0,2019-06-13 12:16:42.516090,52.5491765,13.3883161
776,16020,0,2019-06-13 12:16:42.516090,52.4911742,13.4115049
777,13793,0,2019-06-13 12:16:42.516090,52.4800546,13.3522116
778,14790,0,2019-06-13 12:16:42.516090,52.5243849,13.3299013
779,19990,0,2019-06-13 12:16:42.516090,52.5163823,13.4124075
780,13410,0,2019-06-13 12:16:42.516090,52.520191,13.4109542
781,15134,0,2019-06-13 12:16:42.516090,52.5136167,13.3119487
782,13776,0,2019-06-13 12:16:42.516090,52.4860891,13.3926811
783,13148,0,2019-06-13 12:16:42.516090,52.5351866,13.435122
784,14403,0,2019-06-13 12:16:42.516090,52.4905176,13.3141636
785,14207,0,2019-06-13 12:16:42.516090,52.4905517,13.3140429
786,15363,0,2019-06-13 12:16:42.516090,52.5043464,13.3829047
787,13524,0,2019-06-13 12:16:42.516090,52.5107823,13.4625417
788,14026,0,2019-06-13 12:16:42.516090,52.4925426,13.4213818
789,14019,0,2019-06-13 12:16:42.516090,52.4932279,13.3952149
790,15362,0,2019-06-13 12:16:42.516090,52.5024163,13.4160473
791,15131,0,2019-06-13 12:16:42.516090,52.5007397,13.4172147
792,15033,0,2019-06-13 12:16:42.516090,52.4801889,13.362553
793,14309,0,2019-06-13 12:16:42.516090,52.483263,13.5012131
794,14108,0,2019-06-13 12:16:42.516090,52.5012437,13.3818216
795,16053,0,2019-06-13 12:16:42.516090,52.4980022,13.4496607
796,13877,0,2019-06-13 12:16:42.516090,52.5292998,13.4016261
797,14200,0,2019-06-13 12:16:42.516090,52.5063229,13.2993312
798,14449,0,2019-06-13 12:16:42.516090,52.5210148,13.3855062
799,13830,0,2019-06-13 12:16:42.516090,52.5029906,13.3312387
800,14729,0,2019-06-13 12:16:42.516090,52.508558,13.3770765
801,14298,0,2019-06-13 12:16:42.516090,52.511587,13.4578694
802,14823,0,2019-06-13 12:16:42.516090,52.4975994,13.346067
803,14710,0,2019-06-13 12:16:42.516090,52.515603,13.4538908
804,13136,0,2019-06-13 12:16:42.516090,52.4979423,13.4499056
805,15031,0,2019-06-13 12:16:42.516090,52.51946865,13.37399468
806,14894,0,2019-06-13 12:16:42.516090,52.5237014,13.462956
807,14439,0,2019-06-13 12:16:42.516090,52.5173703,13.36579
808,13678,0,2019-06-13 12:16:42.516090,52.5071502,13.3329711
809,14915,0,2019-06-13 12:16:42.516090,52.524075,13.3525652
810,13496,0,2019-06-13 12:16:42.516090,52.5129586,13.4064555
811,14338,0,2019-06-13 12:16:42.516090,52.5097319,13.3788936
812,15949,0,2019-06-13 12:16:42.516090,52.5423552,13.3659622
813,14129,0,2019-06-13 12:16:42.516090,52.5006793,13.3705941
814,13560,0,2019-06-13 12:16:42.516090,52.5086337,13.4555889
815,14263,0,2019-06-13 12:16:42.516090,52.4709124,13.4362245
816,14718,0,2019-06-13 12:16:42.516090,52.4946697,13.4334213
817,14571,0,2019-06-13 12:16:42.516090,52.5277723,13.4037069
818,14231,0,2019-06-13 12:16:42.516090,52.5229472,13.3993648
819,15201,0,2019-06-13 12:16:42.516090,52.4861958,13.3262093
820,14972,0,2019-06-13 12:16:42.516090,52.4904068,13.4156835
821,13925,0,2019-06-13 12:16:42.516090,52.4743898,13.4276042
822,16364,0,2019-06-13 12:16:42.516090,52.4816705,13.4316359
823,16148,0,2019-06-13 12:16:42.516090,52.5080017,13.4719432
824,16335,0,2019-06-13 12:16:42.516090,52.4971004,13.3919031
825,13066,0,2019-06-13 12:16:42.516090,52.486778,13.4518996
826,13983,0,2019-06-13 12:16:42.516090,52.4990262,13.3817387
827,15378,0,2019-06-13 12:16:42.516090,52.4990013,13.3817686
828,15387,0,2019-06-13 12:16:42.516090,52.5295409,13.3413429
829,13098,0,2019-06-13 12:16:42.516090,52.5158245,13.3697914
830,19972,0,2019-06-13 12:16:42.516090,52.5177893,13.4160489
831,16075,0,2019-06-13 12:16:42.516090,52.5199591,13.4614066
832,16050,0,2019-06-13 12:16:42.516090,52.5310409,13.3825079
833,14928,0,2019-06-13 12:16:42.516090,52.5050861,13.3157933
834,15364,0,2019-06-13 12:16:42.516090,52.5493694,13.3869706
835,15846,0,2019-06-13 12:16:42.516090,52.4991844567,13.411097971
836,14435,0,2019-06-13 12:16:42.516090,52.5120555,13.4591393
837,13018,0,2019-06-13 12:16:42.516090,52.4671672,13.488986
838,15896,0,2019-06-13 12:16:42.516090,52.5276876,13.3787088
839,14948,0,2019-06-13 12:16:42.516090,52.5285342,13.4482934
840,16091,0,2019-06-13 12:16:42.516090,52.5115097,13.4673989
841,16308,0,2019-06-13 12:16:42.516090,52.5071726,13.3330752
842,13042,0,2019-06-13 12:16:42.516090,52.5041608,13.4671844
843,14471,0,2019-06-13 12:16:42.516090,52.4848441,13.4379528
844,16171,0,2019-06-13 12:16:42.516090,52.5423958,13.3662224
845,14844,0,2019-06-13 12:16:42.516090,52.5298277,13.4013791
846,14635,0,2019-06-13 12:16:42.516090,52.5533719,13.4143818
847,14433,0,2019-06-13 12:16:42.516090,52.5421182,13.3497136
848,14335,0,2019-06-13 12:16:42.516090,52.4938554,13.4606107
849,16299,0,2019-06-13 12:16:42.516090,52.4974569,13.3888764
850,16296,0,2019-06-13 12:16:42.516090,52.5100768,13.4475199
851,14464,0,2019-06-13 12:16:42.516090,52.4584952,13.3222356
852,13890,0,2019-06-13 12:16:42.516090,52.4900754,13.4267476
853,15942,0,2019-06-13 12:16:42.516090,52.5321023,13.3624906
854,13702,0,2019-06-13 12:16:42.516090,52.5343439,13.3409209
855,13808,0,2019-06-13 12:16:42.516090,52.5097403,13.3057464
856,15137,0,2019-06-13 12:16:42.516090,52.4842293,13.4364333
857,14071,0,2019-06-13 12:16:42.516090,52.4910566,13.4103951
858,13373,0,2019-06-13 12:16:42.516090,52.4991688,13.4178974
859,13706,0,2019-06-13 12:16:42.516090,52.536269,13.4224404
860,13787,0,2019-06-13 12:16:42.516090,52.531044,13.3675996
861,14647,0,2019-06-13 12:16:42.516090,52.4783656,13.4095725
862,15327,0,2019-06-13 12:16:42.516090,52.4883215,13.3018317
863,14254,0,2019-06-13 12:16:42.516090,52.5046191,13.3431014
864,14462,0,2019-06-13 12:16:42.516090,52.5180031138,13.3070468624
865,16074,0,2019-06-13 12:16:42.516090,52.4915086,13.4584699
866,14616,0,2019-06-13 12:16:42.516090,52.485628,13.3516688
867,15390,0,2019-06-13 12:16:42.516090,52.5144127,13.4159741
868,14078,0,2019-06-13 12:16:42.516090,52.4860055,13.3512052
869,14806,0,2019-06-13 12:16:42.516090,52.5098481,13.3950587
870,15822,0,2019-06-13 12:16:42.516090,52.4737904,13.4493157
871,16141,0,2019-06-13 12:16:42.516090,52.493683,13.4604048
872,15301,0,2019-06-13 12:16:42.516090,52.5034681,13.4440997
873,14788,0,2019-06-13 12:16:42.516090,52.5011198,13.3361427
874,14545,0,2019-06-13 12:16:42.516090,52.5008317,13.4105459
875,14950,0,2019-06-13 12:16:42.516090,52.526147,13.3765008
876,16215,0,2019-06-13 12:16:42.516090,52.5043505,13.3827651
877,13682,0,2019-06-13 12:16:42.516090,52.5184016,13.4299695
878,15156,0,2019-06-13 12:16:42.516090,52.5286729,13.4173144
879,13313,0,2019-06-13 12:16:42.516090,52.5094663,13.434039
880,14354,0,2019-06-13 12:16:42.516090,52.5083955,13.4516085
881,16065,0,2019-06-13 12:16:42.516090,52.4804836,13.4468542
882,16010,0,2019-06-13 12:16:42.516090,52.5338226,13.4171192
883,16047,0,2019-06-13 12:16:42.516090,52.4891733,13.4395247
884,13172,0,2019-06-13 12:16:42.516090,52.4868838,13.3285839
885,16130,0,2019-06-13 12:16:42.516090,52.5125715,13.4592787
886,13648,0,2019-06-13 12:16:42.516090,52.4707914,13.4332914
887,13366,0,2019-06-13 12:16:42.516090,52.5341113,13.3787242
888,14944,0,2019-06-13 12:16:42.516090,52.5105933,13.4471643
889,14305,0,2019-06-13 12:16:42.516090,52.5185449,13.3803796
890,15331,0,2019-06-13 12:16:42.516090,52.5200708,13.4103468
891,16346,0,2019-06-13 12:16:42.516090,52.5256197,13.3426268
892,14260,0,2019-06-13 12:16:42.516090,52.5005794,13.4187609
893,15132,0,2019-06-13 12:16:42.516090,52.5043476,13.38251
894,16204,0,2019-06-13 12:16:42.516090,52.5178486,13.4158812
895,13081,0,2019-06-13 12:16:42.516090,52.5150126,13.3814381
896,16292,0,2019-06-13 12:16:42.516090,52.5199323,13.4103509
897,15870,0,2019-06-13 12:16:42.516090,52.4914308,13.3768564
898,13594,0,2019-06-13 12:16:42.516090,52.5003676,13.446558
899,13745,0,2019-06-13 12:16:42.516090,52.5267446,13.3353404
900,14803,0,2019-06-13 12:16:42.516090,52.4886653,13.4106964
901,14267,0,2019-06-13 12:16:42.516090,52.5322956,13.3668179
902,15241,0,2019-06-13 12:16:42.516090,52.4813469,13.3622181
903,15234,0,2019-06-13 12:16:42.516090,52.5212791,13.3377819
904,14671,0,2019-06-13 12:16:42.516090,52.5212583,13.3378826
905,16294,0,2019-06-13 12:16:42.516090,52.5152742,13.3954872
906,16068,0,2019-06-13 12:16:42.516090,52.5213109,13.3377333
907,16211,0,2019-06-13 12:16:42.516090,52.5094206,13.3742635
908,14408,0,2019-06-13 12:16:42.516090,52.524681,13.4041556
909,14169,0,2019-06-13 12:16:42.516090,52.52122,13.4144534
910,15806,0,2019-06-13 12:16:42.516090,52.5055464,13.4221772
911,19979,0,2019-06-13 12:16:42.516090,52.5172262,13.4660053
912,13010,0,2019-06-13 12:16:42.516090,52.5213905,13.3669827
913,14483,0,2019-06-13 12:16:42.516090,52.5077434,13.4186577
914,13856,0,2019-06-13 12:16:42.516090,52.482536,13.442613
915,13710,0,2019-06-13 12:16:42.516090,52.5093882,13.3744007
916,13744,0,2019-06-13 12:16:42.516090,52.5123355,13.4181652
917,15893,0,2019-06-13 12:16:42.516090,52.4919529,13.4015155
918,15264,0,2019-06-13 12:16:42.516090,52.5144075,13.418417
919,13160,0,2019-06-13 12:16:42.516090,52.5109032,13.3772936
920,13497,0,2019-06-13 12:16:42.516090,52.5244154,13.3925324
921,14486,0,2019-06-13 12:16:42.516090,52.5309205,13.4342879
922,15016,0,2019-06-13 12:16:42.516090,52.4994109,13.388463
923,15283,0,2019-06-13 12:16:42.516090,52.5100022,13.4169655
924,14683,0,2019-06-13 12:16:42.516090,52.506703,13.3339316
925,13074,0,2019-06-13 12:16:42.516090,52.4973927,13.3586743
926,16030,0,2019-06-13 12:16:42.516090,52.5325113,13.343957
927,15819,0,2019-06-13 12:16:42.516090,52.5002278,13.2816179
928,13585,0,2019-06-13 12:16:42.516090,52.4915394,13.4037684
929,13526,0,2019-06-13 12:16:42.516090,52.4825792,13.4537816
930,15825,0,2019-06-13 12:16:42.516090,52.5296462,13.4014508
931,14749,0,2019-06-13 12:16:42.516090,52.4863533,13.4521066
932,14946,0,2019-06-13 12:16:42.516090,52.4735502,13.4478373
933,13140,0,2019-06-13 12:16:42.516090,52.486075,13.3513494
934,16203,0,2019-06-13 12:16:42.516090,52.505555,13.4221832
935,14371,0,2019-06-13 12:16:42.516090,52.5324655,13.3603978
936,14059,0,2019-06-13 12:16:42.516090,52.5324371,13.3604558
937,14517,0,2019-06-13 12:16:42.516090,52.5036488,13.4029542
938,15279,0,2019-06-13 12:16:42.516090,52.5044294,13.4428982
939,14479,0,2019-06-13 12:16:42.516090,52.5029423,13.4294802
940,16350,0,2019-06-13 12:16:42.516090,52.4988178,13.2963143
941,14668,0,2019-06-13 12:16:42.516090,52.5013025,13.429667
942,14642,0,2019-06-13 12:16:42.516090,52.5266947,13.3898493
943,15912,0,2019-06-13 12:16:42.516090,52.5220381,13.3886355
944,16132,0,2019-06-13 12:16:42.516090,52.5356742,13.3565583
945,14961,0,2019-06-13 12:16:42.516090,52.5063876,13.3325759
946,14426,0,2019-06-13 12:16:42.516090,52.5226101,13.4015752
947,13104,0,2019-06-13 12:16:42.516090,52.5238929,13.4472164
948,15354,0,2019-06-13 12:16:42.516090,52.5477318,13.3886725
949,13640,0,2019-06-13 12:16:42.516090,52.5073891,13.4501758
950,15385,0,2019-06-13 12:16:42.516090,52.4896108,13.4152481
951,15259,0,2019-06-13 12:16:42.516090,52.5217151,13.389587
952,14641,0,2019-06-13 12:16:42.516090,52.5217421,13.3895243
953,14259,0,2019-06-13 12:16:42.516090,52.5084363,13.3699395
954,16304,0,2019-06-13 12:16:42.516090,52.522936,13.3594702
955,14161,0,2019-06-13 12:16:42.516090,52.5228734,13.3339992
956,14748,0,2019-06-13 12:16:42.516090,52.4933567,13.3851591
957,14045,0,2019-06-13 12:16:42.516090,52.4872871,13.3766336
958,15290,0,2019-06-13 12:16:42.516090,52.5052711,13.4489133
959,14815,0,2019-06-13 12:16:42.516090,52.5332613,13.3986686
960,14852,0,2019-06-13 12:16:42.516090,52.5271015,13.4905316
961,15343,0,2019-06-13 12:16:42.516090,52.5241356,13.4762319
962,14551,0,2019-06-13 12:16:42.516090,52.5289735,13.4307697
963,15962,0,2019-06-13 12:16:42.516090,52.5080305,13.4664682
964,13211,0,2019-06-13 12:16:42.516090,52.4676147,13.4228236
965,14615,0,2019-06-13 12:16:42.516090,52.4951737,13.3610942
966,13109,0,2019-06-13 12:16:42.516090,52.4959749,13.4209742
967,14779,0,2019-06-13 12:16:42.516090,52.4906207,13.398783
968,16348,0,2019-06-13 12:16:42.516090,52.5281493366,13.3335636836
969,13385,0,2019-06-13 12:16:42.516090,52.50276472,13.46858592
970,15907,0,2019-06-13 12:16:42.516090,52.4655553,13.476792
971,14951,0,2019-06-13 12:16:42.516090,52.5472607,13.3461501
972,14311,0,2019-06-13 12:16:42.516090,52.5131705,13.3220955
973,14448,0,2019-06-13 12:16:42.516090,52.513273,13.3221704
974,13438,0,2019-06-13 12:16:42.516090,52.51052125,13.369282223754
975,13491,0,2019-06-13 12:16:42.516090,52.5368787535,13.3762241341
976,14194,0,2019-06-13 12:16:42.516090,52.4719801,13.4390653
